{
  "swagger" : "2.0",
  "info" : {
    "version" : "1.0",
    "title" : "payment service",
    "description" : "payment service"
  },
  "host" : "localhost:8080",
  "basePath" : "/",
  "schemes" : [ "http" ],
  "paths" : {
    "/payment" : {
      "post" : {
        "summary" : "",
        "description" : "",
        "operationId" : "post-payment",
        "consumes" : [ "application/json" ],
        "produces" : [ "application/json" ],
        "parameters" : [ {
          "name" : "body",
          "in" : "body",
          "description" : "",
          "schema" : {
            "$ref" : "#/definitions/payment"
          },
          "required" : true
        } ],
        "responses" : {
          "201" : {
            "description" : "Created",
            "schema" : {
              "type" : "string"
            }
          },
          "200" : {
            "description" : "OK"
          }
        }
      }
    }
  },
  "definitions" : {
    "payment" : {
      "type" : "object",
      "properties" : {
        "orderid" : {
          "type" : "integer"
        },
        "totalcost" : {
          "type" : "integer"
        },
        "stripid" : {
          "type" : "string"
        }
      }
    }
  }
}