{
  "swagger" : "2.0",
  "info" : {
    "version" : "1.0",
    "title" : "payment service",
    "description" : "payment service"
  },
  "host" : "localhost:8081",
  "basePath" : "/",
  "schemes" : [ "http" ],
  "paths" : {
    "/payment" : {
      "post" : {
        "summary" : "",
        "description" : "",
        "operationId" : "post-payment",
        "consumes" : [ "application/json" ],
        "produces" : [ "application/json" ],
        "parameters" : [ {
          "name" : "body",
          "in" : "body",
          "description" : "",
          "schema" : {
            "$ref" : "#/definitions/payment"
          },
          "required" : true
        } ],
        "responses" : {
          "201" : {
            "description" : "Created",
            "schema" : {
              "type" : "string"
            }
          },
          "200" : {
            "description" : "OK"
          }
        }
      }
    },
    "/paymentdone" : {
      "get" : {
        "summary" : "",
        "description" : "",
        "operationId" : "get-paymentdone",
        "consumes" : [ "application/json" ],
        "produces" : [ "application/json" ],
        "parameters" : [ ],
        "responses" : {
          "200" : {
            "description" : "a orders to be returned",
            "schema" : {
              "$ref" : "#/definitions/orders"
            }
          }
        }
      }
    }
  },
  "definitions" : {
    "payment" : {
      "type" : "object",
      "properties" : {
        "orderid" : {
          "type" : "integer"
        },
        "totalcost" : {
          "type" : "integer"
        },
        "stripid" : {
          "type" : "string"
        }
      }
    },
    "orders" : {
      "type" : "object",
      "required" : [ "delivery_date", "address", "orderid", "phone", "cname", "delivery_time", "email" ],
      "properties" : {
        "orderid" : {
          "type" : "integer"
        },
        "cname" : {
          "type" : "string"
        },
        "phone" : {
          "type" : "integer"
        },
        "email" : {
          "type" : "string"
        },
        "address" : {
          "type" : "string"
        },
        "delivery_date" : {
          "type" : "string",
          "format" : "date"
        },
        "delivery_time" : {
          "type" : "string"
        }
      }
    }
  }
}