{
  "swagger" : "2.0",
  "info" : {
    "version" : "1.0",
    "title" : "query",
    "description" : "query"
  },
  "host" : "localhost:8085",
  "basePath" : "/",
  "schemes" : [ "http" ],
  "paths" : {
    "/querynow" : {
      "get" : {
        "summary" : "",
        "description" : "",
        "operationId" : "get-querynoworderidemail",
        "consumes" : [ "application/json" ],
        "produces" : [ "application/json" ],
        "parameters" : [ {
          "name" : "orderid",
          "in" : "query",
          "description" : "",
          "type" : "string",
          "required" : true
        }, {
          "name" : "email",
          "in" : "query",
          "description" : "",
          "type" : "string",
          "required" : true
        } ],
        "responses" : {
          "200" : {
            "description" : "a query to be returned",
            "schema" : {
              "$ref" : "#/definitions/query"
            }
          }
        }
      }
    }
  },
  "definitions" : {
    "query" : {
      "type" : "object",
      "required" : [ "orderdetails", "orders" ],
      "properties" : {
        "orderdetails" : {
          "$ref" : "#/definitions/orderdetails"
        },
        "orders" : {
          "$ref" : "#/definitions/orders"
        }
      }
    },
    "orderdetails" : {
      "type" : "object",
      "required" : [ "orderid" ],
      "properties" : {
        "orderid" : {
          "type" : "integer"
        },
        "itemid1" : {
          "type" : "string"
        },
        "qty1" : {
          "type" : "integer"
        },
        "name1" : {
          "type" : "string"
        },
        "itemid2" : {
          "type" : "string"
        },
        "qty2" : {
          "type" : "integer"
        },
        "name2" : {
          "type" : "string"
        },
        "itemid3" : {
          "type" : "string"
        },
        "qty3" : {
          "type" : "integer"
        },
        "name3" : {
          "type" : "string"
        },
        "itemid4" : {
          "type" : "string"
        },
        "qty4" : {
          "type" : "integer"
        },
        "name4" : {
          "type" : "string"
        },
        "itemid5" : {
          "type" : "string"
        },
        "qty5" : {
          "type" : "integer"
        },
        "name5" : {
          "type" : "string"
        }
      }
    },
    "orders" : {
      "type" : "object",
      "required" : [ "delivery_date", "address", "orderid", "phone", "cname", "delivery_time", "email" ],
      "properties" : {
        "orderid" : {
          "type" : "integer"
        },
        "cname" : {
          "type" : "string"
        },
        "phone" : {
          "type" : "integer"
        },
        "email" : {
          "type" : "string"
        },
        "address" : {
          "type" : "string"
        },
        "delivery_date" : {
          "type" : "string"
        },
        "delivery_time" : {
          "type" : "string"
        }
      }
    }
  }
}