{
  "swagger" : "2.0",
  "info" : {
    "version" : "1.0",
    "title" : "Get All Inventories",
    "description" : "Get All Inventories"
  },
  "host" : "localhost:8080",
  "basePath" : "/",
  "schemes" : [ "http" ],
  "paths" : {
    "/inventory" : {
      "get" : {
        "summary" : "",
        "description" : "",
        "operationId" : "get-inventory",
        "consumes" : [ "application/json" ],
        "produces" : [ "application/json" ],
        "parameters" : [ ],
        "responses" : {
          "200" : {
            "description" : "a Inventories to be returned",
            "schema" : {
              "$ref" : "#/definitions/Inventories"
            }
          }
        }
      }
    },
    "/inventory1" : {
      "put" : {
        "summary" : "",
        "description" : "",
        "operationId" : "put-inventory1",
        "consumes" : [ "application/json" ],
        "produces" : [ "application/json" ],
        "parameters" : [ {
          "name" : "body",
          "in" : "body",
          "description" : "",
          "schema" : {
            "$ref" : "#/definitions/Inventories"
          },
          "required" : true
        } ],
        "responses" : {
          "200" : {
            "description" : "OK"
          }
        }
      }
    }
  },
  "definitions" : {
    "Inventories" : {
      "type" : "object",
      "properties" : {
        "Inventory" : {
          "type" : "array",
          "items" : {
            "$ref" : "#/definitions/Inventory",
            "uniqueItems" : false
          }
        }
      }
    },
    "Inventory" : {
      "type" : "object",
      "properties" : {
        "itemid" : {
          "type" : "string"
        },
        "name" : {
          "type" : "string"
        },
        "description" : {
          "type" : "string"
        },
        "cost" : {
          "type" : "integer"
        },
        "qty" : {
          "type" : "integer"
        }
      }
    }
  }
}