{
  "swagger" : "2.0",
  "info" : {
    "version" : "1.0",
    "title" : "query service",
    "description" : "query service"
  },
  "host" : "localhost:8082",
  "basePath" : "/",
  "schemes" : [ "http" ],
  "paths" : {
    "/order_query/{orderid}" : {
      "get" : {
        "summary" : "",
        "description" : "",
        "operationId" : "get-order_query",
        "consumes" : [ "application/json" ],
        "produces" : [ "application/json" ],
        "parameters" : [ {
          "name" : "orderid",
          "in" : "path",
          "description" : "",
          "type" : "string",
          "required" : true
        } ],
        "responses" : {
          "200" : {
            "description" : "a orderdetails to be returned",
            "schema" : {
              "$ref" : "#/definitions/orderdetails"
            }
          }
        }
      }
    }
  },
  "definitions" : {
    "orderdetails" : {
      "type" : "object",
      "required" : [ "orderid" ],
      "properties" : {
        "orderid" : {
          "type" : "integer"
        },
        "itemid1" : {
          "type" : "string"
        },
        "qty1" : {
          "type" : "integer"
        },
        "name1" : {
          "type" : "string"
        },
        "itemid2" : {
          "type" : "string"
        },
        "qty2" : {
          "type" : "integer"
        },
        "name2" : {
          "type" : "string"
        },
        "itemid3" : {
          "type" : "string"
        },
        "qty3" : {
          "type" : "integer"
        },
        "name3" : {
          "type" : "string"
        },
        "itemid4" : {
          "type" : "string"
        },
        "qty4" : {
          "type" : "integer"
        },
        "name4" : {
          "type" : "string"
        },
        "itemid5" : {
          "type" : "string"
        },
        "qty5" : {
          "type" : "integer"
        },
        "name5" : {
          "type" : "string"
        }
      }
    }
  }
}