{
  "swagger" : "2.0",
  "info" : {
    "version" : "1.0",
    "title" : "create order ",
    "description" : "create order "
  },
  "host" : "localhost:8087",
  "basePath" : "/",
  "schemes" : [ "http" ],
  "paths" : {
    "/orders" : {
      "post" : {
        "summary" : "",
        "description" : "",
        "operationId" : "post-orders",
        "consumes" : [ "application/json" ],
        "produces" : [ "application/json" ],
        "parameters" : [ {
          "name" : "body",
          "in" : "body",
          "description" : "",
          "schema" : {
            "$ref" : "#/definitions/orders"
          },
          "required" : true
        } ],
        "responses" : {
          "201" : {
            "description" : "Created",
            "schema" : {
              "type" : "string"
            }
          },
          "200" : {
            "description" : "OK"
          }
        }
      }
    },
    "/orderdetails" : {
      "post" : {
        "summary" : "",
        "description" : "",
        "operationId" : "post-orderdetails",
        "consumes" : [ "application/json" ],
        "produces" : [ "application/json" ],
        "parameters" : [ {
          "name" : "body",
          "in" : "body",
          "description" : "",
          "schema" : {
            "$ref" : "#/definitions/orderdetails"
          },
          "required" : true
        } ],
        "responses" : {
          "201" : {
            "description" : "Created",
            "schema" : {
              "type" : "string"
            }
          },
          "200" : {
            "description" : "OK"
          }
        }
      }
    }
  },
  "definitions" : {
    "orderdetails" : {
      "type" : "object",
      "required" : [ "orderid" ],
      "properties" : {
        "orderid" : {
          "type" : "integer"
        },
        "itemid1" : {
          "type" : "string"
        },
        "qty1" : {
          "type" : "integer"
        },
        "name1" : {
          "type" : "string"
        },
        "itemid2" : {
          "type" : "string"
        },
        "qty2" : {
          "type" : "integer"
        },
        "name2" : {
          "type" : "string"
        },
        "itemid3" : {
          "type" : "string"
        },
        "qty3" : {
          "type" : "integer"
        },
        "name3" : {
          "type" : "string"
        },
        "itemid4" : {
          "type" : "string"
        },
        "qty4" : {
          "type" : "integer"
        },
        "name4" : {
          "type" : "string"
        },
        "itemid5" : {
          "type" : "string"
        },
        "qty5" : {
          "type" : "integer"
        },
        "name5" : {
          "type" : "string"
        }
      }
    },
    "orders" : {
      "type" : "object",
      "required" : [ "delivery_date", "address", "orderid", "phone", "cname", "delivery_time", "email" ],
      "properties" : {
        "orderid" : {
          "type" : "integer"
        },
        "cname" : {
          "type" : "string"
        },
        "phone" : {
          "type" : "integer"
        },
        "email" : {
          "type" : "string"
        },
        "address" : {
          "type" : "string"
        },
        "delivery_date" : {
          "type" : "string",
          "format" : "date"
        },
        "delivery_time" : {
          "type" : "string"
        }
      }
    }
  }
}