{
  "swagger" : "2.0",
  "info" : {
    "version" : "1.0",
    "title" : "get inventory ",
    "description" : "get inventory "
  },
  "host" : "localhost:8080",
  "basePath" : "/",
  "schemes" : [ "http" ],
  "paths" : {
    "/inventory" : {
      "get" : {
        "summary" : "",
        "description" : "",
        "operationId" : "get-inventory",
        "consumes" : [ "application/json" ],
        "produces" : [ "application/json" ],
        "parameters" : [ ],
        "responses" : {
          "200" : {
            "description" : "a inventory to be returned",
            "schema" : {
              "$ref" : "#/definitions/inventory"
            }
          }
        }
      }
    }
  },
  "definitions" : {
    "item" : {
      "type" : "object",
      "properties" : {
        "name" : {
          "type" : "string"
        },
        "description" : {
          "type" : "string"
        },
        "cost" : {
          "type" : "integer"
        },
        "quantity" : {
          "type" : "integer"
        },
        "itemid" : {
          "type" : "string"
        }
      }
    },
    "inventory" : {
      "type" : "object",
      "properties" : {
        "item" : {
          "type" : "array",
          "items" : {
            "$ref" : "#/definitions/item",
            "uniqueItems" : false
          }
        }
      }
    }
  }
}